{
  "users": [
    {
      "username": "user1",
      "password": "password1"
    },
    {
      "username": "user2",
      "password": "password2"
    }
  ],
  "tasks": [
    {
      "id": 1674220800000,
      "task": "Buy groceries",
      "user": "user1"
    },
    {
      "id": 1674220810000,
      "task": "Read a book",
      "user": "user1"
    },
    {
      "id": 1674220820000,
      "task": "Complete project",
      "user": "user2"
    },
    {
      "id": 1674220830000,
      "task": "Plan vacation",
      "user": "user2"
    },
    {
      "id": 1738086351330,
      "task": "ecrire rapport",
      "user": "user1"
    },
    {
      "id": 1738091949016,
      "task": "<html>   <!-- CSRF PoC - generated by Burp Suite Professional -->   <body>   <script>history.pushState('', '', '/')</script>     <form method=\"GET\" action=\"https://google.com\">       <input type=\"hidden\" name=\"email\" value=\"some@email.com\" />       <input type=\"submit\" value=\"Submit request\" />     </form>     <script>       document.forms[0].submit();     </script>   </body> </html>",
      "user": "user1"
    }
  ]
}